<?xml version="1.0" encoding="UTF-8"?>
<jcr:root xmlns:sling="http://sling.apache.org/jcr/sling/1.0" xmlns:cq="http://www.day.com/jcr/cq/1.0" xmlns:jcr="http://www.jcp.org/jcr/1.0" xmlns:nt="http://www.jcp.org/jcr/nt/1.0"
    jcr:primaryType="nt:unstructured"
    jcr:title="User Details"
    sling:resourceType="cq/gui/components/authoring/dialog">
    <content
        jcr:primaryType="nt:unstructured"
        sling:resourceType="granite/ui/components/coral/foundation/container">
        <items jcr:primaryType="nt:unstructured">
            <tabs
                jcr:primaryType="nt:unstructured"
                sling:resourceType="granite/ui/components/coral/foundation/tabs">
                <items jcr:primaryType="nt:unstructured">
                    <properties
                        jcr:primaryType="nt:unstructured"
                        jcr:title="Bhaskar details"
                        sling:resourceType="granite/ui/components/coral/foundation/container"
                        margin="{Boolean}true">
                        <items jcr:primaryType="nt:unstructured">
                            <columns
                                jcr:primaryType="nt:unstructured"
                                sling:resourceType="granite/ui/components/coral/foundation/fixedcolumns"
                                margin="{Boolean}true">
                                <items jcr:primaryType="nt:unstructured">
                                    <column
                                        jcr:primaryType="nt:unstructured"
                                        sling:resourceType="granite/ui/components/coral/foundation/container">
                                        <items jcr:primaryType="nt:unstructured">
                                            <Name
                                                jcr:primaryType="nt:unstructured"
                                                sling:resourceType="granite/ui/components/coral/foundation/form/textfield"
                                                fieldDescription="Type in user details"
                                                fieldLabel="Name"
                                                name="./name"/>
                                            <Gender
                                                jcr:primaryType="nt:unstructured"
                                                jcr:title="Gender"
                                                sling:resourceType="granite/ui/components/coral/foundation/form/checkbox"
                                                fieldDescription="Check Name"
                                                fieldLabel="showhidename"
                                                name="./showhidename"
                                                text="Show Bhaskar Name"
                                                uncheckedValue="false"
                                                value="true"/>
                                            <Browser
                                                jcr:primaryType="nt:unstructured"
                                                jcr:title="Browser"
                                                sling:resourceType="granite/ui/components/coral/foundation/form/pathbrowser"
                                                fieldDescription="Check Path Browser"
                                                fieldLabel="Path Browser"
                                                name="./pathbrowser"/>
                                            <Field
                                                jcr:primaryType="nt:unstructured"
                                                jcr:title="field"
                                                sling:resourceType="granite/ui/components/coral/foundation/form/pathfield"
                                                fieldDescription="Check Path Field"
                                                fieldLabel="Path Field"
                                                name="./field"/>
                                            <Upload
                                                jcr:primaryType="nt:unstructured"
                                                jcr:title="Photo"
                                                sling:resourceType="granite/ui/components/coral/foundation/form/fileupload"
                                                fieldDescription="Upload Files"
                                                fieldLabel="Photo Upload"
                                                name="./photo"/>
                                            <Date
                                                jcr:primaryType="nt:unstructured"
                                                sling:resourceType="granite/ui/components/coral/foundation/form/datepicker"
                                                fieldDescription="Pick Date Of Birth"
                                                fieldLabel="Date Of Birth"
                                                maxDate="tomorrow"
                                                name="./dob"
                                                type="datetime"/>
                                        </items>
                                    </column>
                                </items>
                            </columns>
                        </items>
                    </properties>
                </items>
            </tabs>
        </items>
    </content>
</jcr:root>
